<?xml version="1.0" encoding="UTF-8"?>
<configuration>

    <appender name="CONSOLE" class="ch.qos.logback.core.ConsoleAppender">
        <target>System.out</target>
        <encoder>
            <pattern>%date{MM/dd HH:mm:ss} %-5level[%thread] %logger{1} - %msg%n</pattern>
        </encoder>
    </appender>

    <!-- <appender name="FILE" class="ch.qos.logback.core.FileAppender">
        <file>akka.log</file>
        <append>false</append>
        <encoder>
            <pattern>%date{MM/dd HH:mm:ss} %-5level[%thread] %logger{1} - %msg%n</pattern>
        </encoder>
    </appender> -->

    
    <logger name="Kompics" level="TRACE"/>

    <root level="TRACE">
        <appender-ref ref="CONSOLE"/>
    </root>

</configuration>